"","day","location","mean_temp","low_temp","high_temp","daily_rain","mean_wind","mean_humid","mean_airpress","dur_sun","sum_sun","amt_sun","max_snow","dailymax_snow","mean_cloud","mean_midcloud","dur_fog"
"1","2016-01-01",108,1.2,-3.3,4,9.34652855963372,1.6,73,4.8,9.6,2.1,4.61,3.47174887892377,8.19818181818182,7,7,4.88825892857143
"2","2016-01-02",108,5.7,1,9.5,9.34652855963372,2,76.9,7.1,9.6,3.6,4.5,3.47174887892377,8.19818181818182,7.8,7.1,4.88825892857143
"3","2016-01-03",108,6.5,5.1,9.4,9.34652855963372,1.8,80.6,7.7,9.7,2.2,4.85,3.47174887892377,8.19818181818182,7.5,7.5,4.88825892857143
"4","2016-01-04",108,2,-2.5,5.3,9.34652855963372,3.1,54.4,3.9,9.7,8.6,9.03,3.47174887892377,8.19818181818182,4.4,2.5,4.88825892857143
"5","2016-01-05",108,-2.7,-4.8,1.5,9.34652855963372,2.3,39.4,1.9,9.7,7.9,8.22,3.47174887892377,8.19818181818182,3.4,0.1,4.88825892857143
"6","2016-01-06",108,-1.7,-4.9,1.7,9.34652855963372,1.8,54.3,3,9.7,2.2,4.69,3.47174887892377,8.19818181818182,6,5.3,4.88825892857143
"7","2016-01-07",108,-3.4,-5.9,1.4,9.34652855963372,2.5,51.8,2.4,9.7,9.1,9.76,3.47174887892377,8.19818181818182,0.3,0,4.88825892857143
"8","2016-01-08",108,-3.3,-6.9,1,9.34652855963372,2,49.8,2.3,9.7,9.2,9.83,3.47174887892377,8.19818181818182,0.5,0.4,4.88825892857143
"9","2016-01-09",108,-2.1,-6.2,2.4,9.34652855963372,2.1,57.1,3,9.7,8,9.28,3.47174887892377,8.19818181818182,4.1,4.1,4.88825892857143
"10","2016-01-10",108,0.3,-2.7,3.8,9.34652855963372,2.6,42.3,2.6,9.8,7.9,9.35,3.47174887892377,8.19818181818182,2.6,2.6,4.88825892857143
"11","2016-01-11",108,-3.8,-6.5,0.9,9.34652855963372,2.8,38.3,1.7,9.8,9.1,9.89,3.47174887892377,8.19818181818182,1.1,0,4.88825892857143
"12","2016-01-12",108,-5.2,-9.1,0.7,9.34652855963372,2.5,46,1.9,9.8,9.1,10.02,3.47174887892377,8.19818181818182,0.5,0.4,4.88825892857143
"13","2016-01-13",108,-4.5,-8.2,0.1,0.4,2,63,2.8,9.8,5.8,6.69,0.5,0.5,5.5,5.5,4.88825892857143
"14","2016-01-14",108,-3.4,-8.4,1.3,0,1.7,52.1,2.5,9.8,7.7,8.8,0,0.4,4,4,4.88825892857143
"15","2016-01-15",108,-0.4,-4.3,5.3,9.34652855963372,1.8,52.3,3,9.9,6.1,7.85,3.47174887892377,0,3.1,2.8,4.88825892857143
"16","2016-01-16",108,-0.2,-2.1,2.8,0.1,2.9,68,4.2,9.9,1,4.86,3.47174887892377,8.19818181818182,7.1,6.4,4.88825892857143
"17","2016-01-17",108,1.7,-0.7,5.4,9.34652855963372,2.4,64,4.3,9.9,0,4.23,3.47174887892377,8.19818181818182,6.6,1.8,4.88825892857143
"18","2016-01-18",108,-6.3,-12.3,0.4,0.2,4.8,59.8,2.5,9.9,7.8,8.31,0.4,0.4,6,5.3,4.88825892857143
"19","2016-01-19",108,-12.8,-15.1,-8.9,9.34652855963372,5.4,45.9,1,9.9,9.3,10.82,3.47174887892377,8.19818181818182,0.5,0.5,4.88825892857143
"20","2016-01-20",108,-10.5,-14.5,-5.2,9.34652855963372,1.8,43.6,1.2,10,9,9.08,3.47174887892377,8.19818181818182,1.9,0,4.88825892857143
"21","2016-01-21",108,-7.1,-10.2,-2.3,9.34652855963372,1.8,44.3,1.6,10,6.5,8.41,3.47174887892377,8.19818181818182,3.9,0,4.88825892857143
"22","2016-01-22",108,-7.6,-11.1,-3.8,9.34652855963372,2.6,40.5,1.4,10,6.2,7.62,3.47174887892377,8.19818181818182,5.4,0,4.88825892857143
"23","2016-01-23",108,-11.5,-16,-8.3,0,4,42,1.1,10,8.3,9.18,3.47174887892377,8.19818181818182,3.5,1.6,4.88825892857143
"24","2016-01-24",108,-14.4,-18,-10.5,9.34652855963372,3.2,48.5,1,10.1,9.3,10.54,3.47174887892377,8.19818181818182,0,0,4.88825892857143
"25","2016-01-25",108,-9.4,-14.3,-3.4,9.34652855963372,1.9,47.1,1.4,10.1,9.5,11.22,3.47174887892377,8.19818181818182,0.9,0.9,4.88825892857143
"26","2016-01-26",108,-3.3,-8.5,1.7,0.3,2.3,64.5,3.1,10.1,4.5,6.5,0.5,0.5,6.1,6.1,4.88825892857143
"27","2016-01-27",108,-1.1,-4.7,4.3,9.34652855963372,2,56.3,3.1,10.2,9.4,9.55,3.47174887892377,8.19818181818182,2.4,0.6,4.88825892857143
"28","2016-01-28",108,-0.5,-5.6,3.5,9.34652855963372,1.6,51.5,2.9,10.2,2.4,5.88,3.47174887892377,8.19818181818182,6.5,3.9,4.88825892857143
"29","2016-01-29",108,1.9,-1.4,5.4,9.34652855963372,2.3,43.6,3,10.2,0.1,4.19,3.47174887892377,8.19818181818182,7.5,3.8,4.88825892857143
"30","2016-01-30",108,0.6,-2.5,5.2,9.34652855963372,2,59.5,3.8,10.3,6.3,8.01,3.47174887892377,8.19818181818182,4.5,0.9,4.88825892857143
"31","2016-01-31",108,-3.9,-6.5,0.3,9.34652855963372,3.2,34,1.5,10.3,7.9,10.75,3.47174887892377,8.19818181818182,3.1,0,4.88825892857143
"32","2016-02-01",108,-6,-9.1,-1,9.34652855963372,3,36,1.4,10.3,9.6,12.01,3.47174887892377,8.19818181818182,0.4,0.1,4.88825892857143
"33","2016-02-02",108,-5.3,-10,0.9,9.34652855963372,2.2,41.8,1.7,10.3,9.8,12.05,3.47174887892377,8.19818181818182,0,0,4.88825892857143
"34","2016-02-03",108,-2.4,-8.3,4,9.34652855963372,1.9,49.6,2.5,10.4,7.5,10.46,3.47174887892377,8.19818181818182,1.8,1.8,4.88825892857143
"35","2016-02-04",108,-0.7,-4,3.9,9.34652855963372,2.4,50.1,2.8,10.4,7.9,9.82,3.47174887892377,8.19818181818182,2.9,1.4,4.88825892857143
"36","2016-02-05",108,-2.2,-6.8,3.4,9.34652855963372,2.5,39.4,2,10.4,8.9,10.71,3.47174887892377,8.19818181818182,1.6,0.3,4.88825892857143
"37","2016-02-06",108,-3.1,-6.2,2,9.34652855963372,2.9,38.6,1.9,10.5,9.8,12.22,3.47174887892377,8.19818181818182,0,0,4.88825892857143
"38","2016-02-07",108,-2.9,-8.3,3.5,9.34652855963372,2,46.5,2.3,10.5,9.8,12.44,3.47174887892377,8.19818181818182,1,1,4.88825892857143
"39","2016-02-08",108,1.3,-4.3,5.5,9.34652855963372,3.1,62.1,4.2,10.6,2.8,5.55,3.47174887892377,8.19818181818182,6.9,3.9,4.88825892857143
"40","2016-02-09",108,0.3,-3.9,5.5,9.34652855963372,3,52.5,3.2,10.6,9.5,11.45,3.47174887892377,8.19818181818182,0.5,0.5,4.88825892857143
"41","2016-02-10",108,2.7,-4.3,10.7,9.34652855963372,1.6,38.5,2.6,10.6,9.8,12.74,3.47174887892377,8.19818181818182,0,0,4.88825892857143
"42","2016-02-11",108,8.1,1.6,13.5,0.1,3.5,29.3,3.2,10.7,4.6,7.87,3.47174887892377,8.19818181818182,6,2.6,4.88825892857143
"43","2016-02-12",108,8.4,6.8,10,18,3.2,95.3,10.5,10.7,0,1.1,3.47174887892377,8.19818181818182,10,7.1,0.67
"44","2016-02-13",108,11,5.8,14.4,21,3.3,95,12.5,10.7,0,3.78,3.47174887892377,8.19818181818182,9.9,6.8,1
"45","2016-02-14",108,-2.6,-6.8,5.8,2.5,4.6,73.1,3.9,10.8,0.1,2.98,3.47174887892377,8.19818181818182,7.8,5.4,4.88825892857143
"46","2016-02-15",108,-5.8,-10,-2.3,0,4,48.4,2,10.8,9.8,14.52,3.47174887892377,8.19818181818182,1.5,1.5,4.88825892857143
"47","2016-02-16",108,-2.7,-6.7,1.1,0.8,2.7,65.6,3.3,10.8,3.2,5.58,1.2,1.2,3.8,3.3,4.88825892857143
"48","2016-02-17",108,0,-5.2,5.4,9.34652855963372,2.3,53.9,3.2,10.9,10,14.42,3.47174887892377,8.19818181818182,0.3,0.3,4.88825892857143
"49","2016-02-18",108,3.5,-1.4,7.8,9.34652855963372,3.2,66.4,5.3,10.9,5.9,8.26,3.47174887892377,8.19818181818182,5.4,3,4.88825892857143
"50","2016-02-19",108,2.3,0.1,4.4,9.34652855963372,1.7,56.4,4,11,0.5,5.1,3.47174887892377,8.19818181818182,6.8,4.1,4.88825892857143
"51","2016-02-20",108,1.3,-2.5,6.3,9.34652855963372,2.9,37.1,2.5,11,9.4,13.13,3.47174887892377,8.19818181818182,1.9,0.1,4.88825892857143
"52","2016-02-21",108,-0.6,-4.2,4.4,9.34652855963372,2.9,36.4,2.1,11,10,13.63,3.47174887892377,8.19818181818182,3,0.9,4.88825892857143
"53","2016-02-22",108,1.1,-2.2,4.2,0,1.9,36.6,2.5,11.1,0,5.76,3.47174887892377,8.19818181818182,9.5,5.4,4.88825892857143
"54","2016-02-23",108,0.7,-4.5,4.5,0.9,3.2,56,3.6,11.1,9.1,14.55,0.3,0.3,4.3,2.5,4.88825892857143
"55","2016-02-24",108,-3,-6.8,2.2,9.34652855963372,2.9,42,2,11.1,10.3,15.48,3.47174887892377,8.19818181818182,0.3,0.3,4.88825892857143
"56","2016-02-25",108,-0.2,-5.8,5.7,9.34652855963372,2.7,49.9,3.1,11.2,10.1,11.24,3.47174887892377,8.19818181818182,2.4,2.4,4.88825892857143
"57","2016-02-26",108,2.2,-3.2,7.5,0,2.2,41.3,2.8,11.2,10.4,15.23,3.47174887892377,8.19818181818182,3,2.5,4.88825892857143
"58","2016-02-27",108,3.3,0.5,8.1,0.2,2,57.6,4.4,11.3,6.3,11.21,3.47174887892377,8.19818181818182,6.6,3,4.88825892857143
"59","2016-02-28",108,0.7,-2.6,6.9,4.1,2.1,65.5,4.1,11.3,1.5,4.76,5,5,6.1,2.8,4.88825892857143
"60","2016-02-29",108,-3.8,-5.9,-1.1,0,4,48.6,2.3,11.3,8.6,10.38,3.47174887892377,4.3,2.5,2.5,4.88825892857143
"61","2016-03-01",108,-2.7,-7.5,2.1,9.34652855963372,2.5,47.3,2.5,11.4,9.3,14.8,3.47174887892377,8.19818181818182,1.5,1.5,4.88825892857143
"62","2016-03-02",108,3.1,-2.2,8.1,9.34652855963372,2.9,67.9,5.2,11.4,5.4,8.08,3.47174887892377,8.19818181818182,6.4,6.4,4.88825892857143
"63","2016-03-03",108,8.1,4.4,13.9,9.34652855963372,1.9,65.1,6.9,11.5,5.4,10.26,3.47174887892377,8.19818181818182,5.6,5.6,4.88825892857143
"64","2016-03-04",108,13.2,6.4,20.3,0.1,2.7,55.3,8.4,11.5,9.8,14.61,3.47174887892377,8.19818181818182,5.3,4.6,4.88825892857143
"65","2016-03-05",108,11.3,9.1,13.5,40,2.6,91.3,12.1,11.5,0,1.16,3.47174887892377,8.19818181818182,9.8,7.3,4.88825892857143
"66","2016-03-06",108,7.9,4.3,12.9,0.2,2.8,51,5,11.6,8.8,15.21,3.47174887892377,8.19818181818182,2.4,2.1,3
"67","2016-03-07",108,8.1,4.8,12.2,0,2,36.9,4,11.6,0.8,4.36,3.47174887892377,8.19818181818182,8,3.8,4.88825892857143
"68","2016-03-08",108,2.7,-1.4,7,9.34652855963372,3.1,40.4,3,11.7,2,8.54,3.47174887892377,8.19818181818182,8.5,1.8,4.88825892857143
"69","2016-03-09",108,0.3,-2.7,5.3,9.34652855963372,3.5,37.5,2.3,11.7,9.9,17.09,3.47174887892377,8.19818181818182,4.4,0,4.88825892857143
"70","2016-03-10",108,-1.1,-4.3,3.1,9.34652855963372,3.2,37.8,2,11.7,10.9,18.12,3.47174887892377,8.19818181818182,1.3,0.3,4.88825892857143
"71","2016-03-11",108,-0.5,-5.5,4.6,9.34652855963372,2.6,43.8,2.5,11.8,11.2,18.25,3.47174887892377,8.19818181818182,0,0,4.88825892857143
"72","2016-03-12",108,2,-3.3,6.4,9.34652855963372,2.5,55.6,4,11.8,5.8,9.56,3.47174887892377,8.19818181818182,5.4,4.9,4.88825892857143
"73","2016-03-13",108,3.7,1.9,6.5,0.1,1.6,68.1,5.4,11.9,0.6,6.18,3.47174887892377,8.19818181818182,7.8,5.8,4.88825892857143
"74","2016-03-14",108,4.7,1.3,9.6,9.34652855963372,2.6,57,4.6,11.9,9.2,14.56,3.47174887892377,8.19818181818182,3.5,3.5,4.88825892857143
"75","2016-03-15",108,5.2,-1,12.4,9.34652855963372,2.2,43.4,3.7,11.9,8.9,16.25,3.47174887892377,8.19818181818182,3.8,0,4.88825892857143
"76","2016-03-16",108,7.5,2.7,13.8,9.34652855963372,2,45.1,4.4,12,10.1,16.66,3.47174887892377,8.19818181818182,2.4,0,4.88825892857143
"77","2016-03-17",108,9.3,2,14.7,9.34652855963372,1.4,40.9,4.8,12,6.4,11.77,3.47174887892377,8.19818181818182,6.1,1.8,4.88825892857143
"78","2016-03-18",108,13.4,8.8,20.1,9.34652855963372,2.4,50,7.5,12.1,6.7,13.54,3.47174887892377,8.19818181818182,4.4,1.6,4.88825892857143
"79","2016-03-19",108,11.4,6.6,18.1,9.34652855963372,2.5,58.3,7.6,12.1,10.6,16.37,3.47174887892377,8.19818181818182,0,0,4.88825892857143
"80","2016-03-20",108,10.6,4.9,17.5,9.34652855963372,2.2,54,6.5,12.1,10.4,17.03,3.47174887892377,8.19818181818182,0.5,0.5,4.88825892857143
"81","2016-03-21",108,9.9,5.5,16.1,9.34652855963372,2.2,54.1,6.4,12.2,10.8,16.83,3.47174887892377,8.19818181818182,0.1,0.1,4.88825892857143
"82","2016-03-22",108,8,3.5,13.8,9.34652855963372,2.5,58.1,5.8,12.2,10.2,15.38,3.47174887892377,8.19818181818182,3.9,0,4.88825892857143
"83","2016-03-23",108,8.2,3.8,13.8,9.34652855963372,2.9,49.6,5,12.3,10.4,16.73,3.47174887892377,8.19818181818182,3.1,1.1,4.88825892857143
"84","2016-03-24",108,7.2,1.6,12.7,9.34652855963372,2.4,36.5,3.6,12.3,11.6,18.91,3.47174887892377,8.19818181818182,0.4,0.1,4.88825892857143
"85","2016-03-25",108,7.1,2.1,12.6,9.34652855963372,2.2,43.9,4.2,12.4,10.7,16.07,3.47174887892377,8.19818181818182,1,1,4.88825892857143
"86","2016-03-26",108,6.5,2.1,12.6,9.34652855963372,2.2,54.5,5,12.4,9.2,15.3,3.47174887892377,8.19818181818182,0.5,0.5,4.88825892857143
"87","2016-03-27",108,7.2,2.2,13.1,9.34652855963372,2.6,55.6,5.3,12.4,11.1,17.19,3.47174887892377,8.19818181818182,0,0,4.88825892857143
"88","2016-03-28",108,9.8,2.3,17.4,9.34652855963372,2,47.8,5.1,12.5,11.3,17.82,3.47174887892377,8.19818181818182,0.3,0,4.88825892857143
"89","2016-03-29",108,11.3,7.6,17.1,0.1,3.2,57.8,7.6,12.5,5.9,12.55,3.47174887892377,8.19818181818182,7.4,3,4.88825892857143
"90","2016-03-30",108,11.5,7,18.3,9.34652855963372,2.2,49.9,6.2,12.5,10.5,18.01,3.47174887892377,8.19818181818182,2,1.9,4.88825892857143
"91","2016-03-31",108,13.5,6,21.4,9.34652855963372,2.1,27,3.9,12.6,9.8,15.57,3.47174887892377,8.19818181818182,4.5,0,4.88825892857143
"92","2016-04-01",108,15.3,7.3,23.8,9.34652855963372,2,26,4.3,12.6,10.3,18.16,3.47174887892377,8.19818181818182,3,0.4,4.88825892857143
"93","2016-04-02",108,15,9.6,21.7,9.34652855963372,2.3,40.8,6.7,12.7,9,16.99,3.47174887892377,8.19818181818182,2.4,0.5,4.88825892857143
"94","2016-04-03",108,10.7,8.2,12.7,2,1.7,75.1,9.6,12.7,0,3.23,3.47174887892377,8.19818181818182,8,4.6,4.88825892857143
"95","2016-04-04",108,12.3,5.1,19.8,9.34652855963372,2.2,42.6,5.4,12.8,11.2,20.8,3.47174887892377,8.19818181818182,2.3,0,4.88825892857143
"96","2016-04-05",108,11.4,5.9,18.1,9.34652855963372,2.5,45.1,5.6,12.8,11.6,20.04,3.47174887892377,8.19818181818182,0.8,0,4.88825892857143
"97","2016-04-06",108,14.4,6.6,22.9,3,1.9,44.3,6.4,12.8,8,15.13,3.47174887892377,8.19818181818182,6.8,2.1,4.88825892857143
"98","2016-04-07",108,14.1,10.5,20.6,7.5,3,69.5,10.6,12.9,8.8,16.95,3.47174887892377,8.19818181818182,3.9,1.9,4.88825892857143
"99","2016-04-08",108,11.1,7.8,18.7,9.34652855963372,2.5,76.1,9.8,12.9,9.2,18.15,3.47174887892377,8.19818181818182,3.8,3.8,4.88825892857143
"100","2016-04-09",108,10.7,7.4,14.1,9.34652855963372,1.8,83.9,10.8,12.9,0,4.52,3.47174887892377,8.19818181818182,8,8,4.88825892857143
"101","2016-04-10",108,13.4,9.3,20.7,9.34652855963372,2.1,71.3,10.9,13,5,14.02,3.47174887892377,8.19818181818182,5,5,4.88825892857143
"102","2016-04-11",108,12.5,5.7,19.4,9.34652855963372,2.4,43.8,6,13,12,21.04,3.47174887892377,8.19818181818182,0,0,4.88825892857143
"103","2016-04-12",108,14.1,10.3,19.4,9.34652855963372,2.3,42.6,6.8,13.1,7.8,15.36,3.47174887892377,8.19818181818182,6,3,4.88825892857143
"104","2016-04-13",108,15.6,11.4,21.4,1,1.7,67.5,11.8,13.1,6.8,13.86,3.47174887892377,8.19818181818182,5.1,3.9,4.88825892857143
"105","2016-04-14",108,12.4,9.3,18.6,9.34652855963372,2.6,75.9,10.6,13.1,6.5,14.06,3.47174887892377,8.19818181818182,2.3,2.3,1
"106","2016-04-15",108,15,8.1,23.1,9.34652855963372,2.6,46.4,7.3,13.2,11.5,20.94,3.47174887892377,8.19818181818182,0,0,4.88825892857143
"107","2016-04-16",108,14.9,9.8,20.7,23.5,2.9,58.9,9.8,13.2,2.8,7.23,3.47174887892377,8.19818181818182,7.5,5.1,4.88825892857143
"108","2016-04-17",108,10.8,8.3,14.5,20.5,4.7,66.8,8.6,13.2,6.9,13.8,3.47174887892377,8.19818181818182,6.1,4.1,4.88825892857143
"109","2016-04-18",108,11.2,7.1,18.6,1.5,3.1,65.4,8.2,13.3,9.2,18.4,3.47174887892377,8.19818181818182,5.5,3.1,4.88825892857143
"110","2016-04-19",108,12,6.5,19.2,9.34652855963372,2.2,55.1,7.4,13.3,12,22.1,3.47174887892377,8.19818181818182,2.5,0.9,4.88825892857143
"111","2016-04-20",108,14.3,10.1,20.9,0.5,2.1,54,8.6,13.4,5.3,13.4,3.47174887892377,8.19818181818182,8.9,3.8,4.88825892857143
"112","2016-04-21",108,13.5,10.3,16.9,17,2.8,87.6,13.5,13.4,0,6.09,3.47174887892377,8.19818181818182,9.4,7,4.88825892857143
"113","2016-04-22",108,13.5,10.1,18.6,0,2.6,83.4,12.8,13.4,2,7.77,3.47174887892377,8.19818181818182,7.6,6.9,4.88825892857143
"114","2016-04-23",108,13.5,7.8,19.8,9.34652855963372,2.1,52.1,7.4,13.5,7.9,16.76,3.47174887892377,8.19818181818182,6.3,1.5,4.88825892857143
"115","2016-04-24",108,15.5,8.1,23.7,9.34652855963372,1.9,39.6,6.3,13.5,11.4,22.59,3.47174887892377,8.19818181818182,2.3,0,4.88825892857143
"116","2016-04-25",108,17.2,10.2,25.3,9.34652855963372,1.7,34.8,6.3,13.6,11.9,21.21,3.47174887892377,8.19818181818182,0.8,0,4.88825892857143
"117","2016-04-26",108,21.1,12.1,29.6,9.34652855963372,2,34.8,8.3,13.6,9.9,19.74,3.47174887892377,8.19818181818182,5.9,0.9,4.88825892857143
"118","2016-04-27",108,17.2,14.5,20.7,9.34652855963372,3.6,32,6.2,13.6,0,8.39,3.47174887892377,8.19818181818182,9.6,5.3,4.88825892857143
"119","2016-04-28",108,17.2,12.4,23,9.34652855963372,2,34.4,6.7,13.7,9.4,18.95,3.47174887892377,8.19818181818182,6.4,1.4,4.88825892857143
"120","2016-04-29",108,16.2,10.9,22.6,0.3,2.5,47.6,8.6,13.7,11.6,21.79,3.47174887892377,8.19818181818182,2.5,0.8,4.88825892857143
"121","2016-04-30",108,15.9,10.8,20.4,9.34652855963372,2.8,45.3,8.1,13.7,1.5,8.93,3.47174887892377,8.19818181818182,5.4,2.6,4.88825892857143
"122","2016-05-01",108,18.8,12.2,26,9.34652855963372,2.2,40.5,8.4,13.8,6.8,17.07,3.47174887892377,8.19818181818182,5.6,3.3,4.88825892857143
"123","2016-05-02",108,21.1,16.5,28.4,16.5,2.2,64.5,15.4,13.8,7.5,15.89,3.47174887892377,8.19818181818182,7,5.3,4.88825892857143
"124","2016-05-03",108,12.9,8.9,17.6,27,4.9,86.1,13.2,13.8,0,1.63,3.47174887892377,8.19818181818182,10,6.9,4.88825892857143
"125","2016-05-04",108,15.7,10.2,20.6,9.34652855963372,5.1,46.6,8,13.9,12.8,24.88,3.47174887892377,8.19818181818182,1.6,1.4,4.88825892857143
"126","2016-05-05",108,18.9,10.2,26.9,7.5,1.7,50.8,10.1,13.9,10.9,21.6,3.47174887892377,8.19818181818182,4.5,1.9,4.88825892857143
"127","2016-05-06",108,16.3,13,18.6,9.5,2,89.3,16.5,13.9,0,1.91,3.47174887892377,8.19818181818182,9.3,7.8,4.88825892857143
"128","2016-05-07",108,16.5,10.7,22.6,9.34652855963372,2.6,60.3,10.5,14,12.4,23.93,3.47174887892377,8.19818181818182,2,0.1,4.88825892857143
"129","2016-05-08",108,19.4,11.6,26.8,9.34652855963372,2.1,44.8,9.2,14,11.5,23.51,3.47174887892377,8.19818181818182,5.4,3,4.88825892857143
"130","2016-05-09",108,20.2,16.3,25.4,0,2,43,9.8,14,5.4,17.4,3.47174887892377,8.19818181818182,8.3,5.3,4.88825892857143
"131","2016-05-10",108,14.5,12.5,18.1,13.5,2.3,82.4,13.5,14.1,0.1,4.6,3.47174887892377,8.19818181818182,9.1,6.4,4.88825892857143
"132","2016-05-11",108,16.4,10.4,23.5,9.34652855963372,2,60.9,10.9,14.1,12.9,24.41,3.47174887892377,8.19818181818182,2,0.3,4.88825892857143
"133","2016-05-12",108,17.8,12.1,24,9.34652855963372,2.7,62.4,12.2,14.1,12.5,23.94,3.47174887892377,8.19818181818182,3.3,1.5,4.88825892857143
"134","2016-05-13",108,18.6,12.7,25.4,0.5,2.1,57,11.3,14.1,11.6,24.86,3.47174887892377,8.19818181818182,3.6,2.4,4.88825892857143
"135","2016-05-14",108,20.2,15.1,26.9,9.34652855963372,2.3,47.1,10.5,14.2,11.1,23.78,3.47174887892377,8.19818181818182,5.5,1.9,4.88825892857143
"136","2016-05-15",108,17.4,12.3,24.2,45,2.7,73.9,14.3,14.2,4.5,12.53,3.47174887892377,8.19818181818182,9,5.5,4.88825892857143
"137","2016-05-16",108,15.9,10.8,21.9,2.5,3.2,57,9.5,14.2,12.3,24.54,3.47174887892377,8.19818181818182,3,1.1,4.88825892857143
"138","2016-05-17",108,19.3,10.9,26.6,9.34652855963372,1.9,48.8,10.1,14.3,13.1,24.69,3.47174887892377,8.19818181818182,0,0,4.88825892857143
"139","2016-05-18",108,22.3,13.5,29.5,9.34652855963372,1.9,40.3,9.8,14.3,13.2,25.77,3.47174887892377,8.19818181818182,0.5,0,4.88825892857143
"140","2016-05-19",108,24.3,16.3,31.9,9.34652855963372,1.6,36.4,10,14.3,13.4,24.95,3.47174887892377,8.19818181818182,0,0,4.88825892857143
"141","2016-05-20",108,24,16.8,31.6,9.34652855963372,1.8,32,9.1,14.3,12.8,23.48,3.47174887892377,8.19818181818182,0.6,0,4.88825892857143
"142","2016-05-21",108,24.1,17.8,30.4,9.34652855963372,2,23.8,6.9,14.4,12.4,24.05,3.47174887892377,8.19818181818182,2.6,0,4.88825892857143
"143","2016-05-22",108,24.7,17.6,31.7,9.34652855963372,1.9,35,10.4,14.4,11.8,24.63,3.47174887892377,8.19818181818182,2.8,1.1,4.88825892857143
"144","2016-05-23",108,23.3,18.3,29.4,9.34652855963372,2.1,43,11.8,14.4,7.7,17.7,3.47174887892377,8.19818181818182,7.5,1.9,4.88825892857143
"145","2016-05-24",108,16.8,15.4,21.8,38.5,2.6,82.6,15.7,14.4,2.3,7.08,3.47174887892377,8.19818181818182,7,5.4,4.88825892857143
"146","2016-05-25",108,19.7,15.3,24.4,9.34652855963372,2.7,67.9,15.3,14.5,5.1,15.6,3.47174887892377,8.19818181818182,6.9,6.9,4.88825892857143
"147","2016-05-26",108,19.4,17.5,22.9,0,1.8,72,16.1,14.5,1.5,8.3,3.47174887892377,8.19818181818182,8.1,2.4,4.88825892857143
"148","2016-05-27",108,20.9,14.8,27.1,9.34652855963372,1.7,61.3,14.2,14.5,8.3,20.68,3.47174887892377,8.19818181818182,7.1,3.1,4.88825892857143
"149","2016-05-28",108,21.7,17.2,28,9.34652855963372,2.1,56.1,14.1,14.5,13.1,23.9,3.47174887892377,8.19818181818182,2.9,0.8,4.88825892857143
"150","2016-05-29",108,21.5,17.2,27.6,9.34652855963372,2.3,56.1,14.1,14.5,8.7,20.67,3.47174887892377,8.19818181818182,4.1,2.5,4.88825892857143
"151","2016-05-30",108,22.1,16.9,28.9,9.34652855963372,2.4,57.3,14.4,14.6,12.8,24.57,3.47174887892377,8.19818181818182,0,0,4.88825892857143
"152","2016-05-31",108,21.6,17.4,27.6,9.34652855963372,2.5,63.6,15.8,14.6,11.6,21.99,3.47174887892377,8.19818181818182,2.9,0,4.88825892857143
"153","2016-06-01",108,23.3,17.1,29.9,9.34652855963372,2.1,45.8,12,14.6,13.1,24.45,3.47174887892377,8.19818181818182,2.4,0.9,4.88825892857143
"154","2016-06-02",108,23.2,17.2,29.1,9.34652855963372,2.4,38.3,10.5,14.6,13.5,25.38,3.47174887892377,8.19818181818182,0.6,0.3,4.88825892857143
"155","2016-06-03",108,22.2,17.6,27.7,9.34652855963372,2.2,48.1,12.3,14.6,11.7,22.84,3.47174887892377,8.19818181818182,4,0.5,4.88825892857143
"156","2016-06-04",108,21.2,18.2,26.3,9.34652855963372,1.6,51.8,12.9,14.6,2.7,11.24,3.47174887892377,8.19818181818182,7.5,2.8,4.88825892857143
"157","2016-06-05",108,24.7,17.3,32.2,9.34652855963372,1.7,47.3,13.7,14.7,11.8,24.43,3.47174887892377,8.19818181818182,3.5,2.6,4.88825892857143
"158","2016-06-06",108,23.3,20.8,28.4,0,2.3,49.1,13.9,14.7,4.6,15.57,3.47174887892377,8.19818181818182,7.4,2.4,4.88825892857143
"159","2016-06-07",108,21.7,19.6,25.9,0.1,1.7,69.5,17.8,14.7,2.3,9.42,3.47174887892377,8.19818181818182,6.8,5.8,4.88825892857143
"160","2016-06-08",108,22.1,18.2,27.7,9.34652855963372,2.3,65.9,17,14.7,11.6,20.45,3.47174887892377,8.19818181818182,5.1,3,4.88825892857143
"161","2016-06-09",108,24.1,17.8,31.3,9.34652855963372,2,59.5,17.1,14.7,12.4,22.84,3.47174887892377,8.19818181818182,1.4,0.9,4.88825892857143
"162","2016-06-10",108,24.6,20.2,31.3,9.34652855963372,2.2,60.9,18.1,14.7,12.1,21.74,3.47174887892377,8.19818181818182,2.1,1.3,4.88825892857143
"163","2016-06-11",108,23.5,20.9,26.5,3,1.7,74.3,21.4,14.7,0.7,7.81,3.47174887892377,8.19818181818182,8.3,8.3,4.88825892857143
"164","2016-06-12",108,23.5,19.9,26.7,1.5,2.1,79.4,22.8,14.7,3.9,10.48,3.47174887892377,8.19818181818182,8.3,5.1,4.88825892857143
"165","2016-06-13",108,23.5,19.4,29.6,9.34652855963372,2.4,70.5,20.1,14.7,9.2,19.87,3.47174887892377,8.19818181818182,5.1,4.1,4.88825892857143
"166","2016-06-14",108,23.8,19.7,29.5,0,2.1,62.5,18.1,14.8,7.8,19.48,3.47174887892377,8.19818181818182,6,2.5,4.88825892857143
"167","2016-06-15",108,20.9,17.4,24.5,15.5,2.7,81.8,20,14.8,1.9,7.05,3.47174887892377,8.19818181818182,9,7.1,4.88825892857143
"168","2016-06-16",108,20.9,18.6,24.9,0,2.8,73.5,18,14.8,7,13.83,3.47174887892377,8.19818181818182,6.9,6.1,4.88825892857143
"169","2016-06-17",108,23.8,18.6,29.1,9.34652855963372,2.5,63.1,18.1,14.8,12,22.38,3.47174887892377,8.19818181818182,2.5,2.5,4.88825892857143
"170","2016-06-18",108,24.5,20.1,29.9,9.34652855963372,1.8,58,17.4,14.8,12.5,22.46,3.47174887892377,8.19818181818182,1.3,0.5,4.88825892857143
"171","2016-06-19",108,24.1,20.3,29.3,0,1.9,64.5,19.2,14.8,8.8,18.36,3.47174887892377,8.19818181818182,4.4,4.4,4.88825892857143
"172","2016-06-20",108,24.7,19.6,30.7,9.34652855963372,1.7,66,20.1,14.8,6.3,16.89,3.47174887892377,8.19818181818182,6.8,3.4,4.88825892857143
"173","2016-06-21",108,26,21,31.3,9.34652855963372,1.7,60.1,19.8,14.8,7.2,16.41,3.47174887892377,8.19818181818182,6.1,0.4,4.88825892857143
"174","2016-06-22",108,24.3,20.9,30.2,30.5,2,75.1,22.5,14.8,1,8.64,3.47174887892377,8.19818181818182,6.4,2.8,4.88825892857143
"175","2016-06-23",108,24.7,19.6,29.4,0.1,2.1,71,21.7,14.8,7.3,16.45,3.47174887892377,8.19818181818182,5,2.9,4.88825892857143
"176","2016-06-24",108,23.1,21.1,25.7,3.5,2,75.8,21.3,14.8,3.2,8.81,3.47174887892377,8.19818181818182,7.3,5.4,4.88825892857143
"177","2016-06-25",108,22.8,19.2,26.7,9.34652855963372,2.8,63.1,17.1,14.8,9.1,18.54,3.47174887892377,8.19818181818182,4.5,3.8,4.88825892857143
"178","2016-06-26",108,24.4,19.4,30.3,9.34652855963372,2.7,58.4,17.2,14.7,13.4,25.57,3.47174887892377,8.19818181818182,0.8,0.5,4.88825892857143
"179","2016-06-27",108,24.4,19.9,29.5,9.34652855963372,1.6,55.5,16.3,14.8,5,13.72,3.47174887892377,8.19818181818182,6.6,3.4,4.88825892857143
"180","2016-06-28",108,24.7,20.4,29.7,9.34652855963372,1.8,61.1,18.5,14.8,9.2,17.87,3.47174887892377,8.19818181818182,5,3.4,4.88825892857143
"181","2016-06-29",108,25.3,20.9,30.2,9.34652855963372,2.2,58,18.6,14.7,7.5,17.64,3.47174887892377,8.19818181818182,6.9,4.8,4.88825892857143
"182","2016-06-30",108,24.6,23,26.9,0.2,2.8,78.1,24,14.7,0.9,7.45,3.47174887892377,8.19818181818182,9.5,7.4,4.88825892857143
"183","2016-07-01",108,24,22,26.6,108.5,2.3,86.5,25.6,14.7,0,3.23,3.47174887892377,8.19818181818182,9.9,7.3,4.88825892857143
"184","2016-07-02",108,23.5,20.6,27.7,4,2.4,81.4,23.2,14.7,4.3,13.17,3.47174887892377,8.19818181818182,8,6.1,4.88825892857143
"185","2016-07-03",108,23.5,21.1,26.8,9.34652855963372,1.6,70.4,20.1,14.7,3.8,12.08,3.47174887892377,8.19818181818182,6.5,3.6,4.88825892857143
"186","2016-07-04",108,21.8,20.2,24.1,29.5,3,85.1,22,14.7,0.8,5.05,3.47174887892377,8.19818181818182,9.1,5.5,4.88825892857143
"187","2016-07-05",108,23.1,20.2,24.8,100.5,2.8,93.6,26.3,14.7,0,2.17,3.47174887892377,8.19818181818182,10,7.3,4.88825892857143
"188","2016-07-06",108,22.9,20.3,26.9,0,1.9,74,20.3,14.7,6.7,15.62,3.47174887892377,8.19818181818182,6.8,4.4,4.88825892857143
"189","2016-07-07",108,24,20.1,28.5,0,1.3,71.6,21,14.6,5.7,15.11,3.47174887892377,8.19818181818182,7.5,2.3,4.88825892857143
"190","2016-07-08",108,27.3,21.2,32.4,9.34652855963372,1.8,66.5,23.4,14.6,13.3,24.24,3.47174887892377,8.19818181818182,0.1,0.1,4.88825892857143
"191","2016-07-09",108,27.7,23.2,32.7,9.34652855963372,2,64.8,23.3,14.6,12.1,24.33,3.47174887892377,8.19818181818182,3.1,0.3,4.88825892857143
"192","2016-07-10",108,27.9,23.2,33.1,9.34652855963372,1.8,64.4,23.7,14.6,8.6,20.7,3.47174887892377,8.19818181818182,7.3,0.5,4.88825892857143
"193","2016-07-11",108,28.4,24.8,33.4,0,1.7,67.4,25.6,14.6,5.6,15.06,3.47174887892377,8.19818181818182,8.1,1.9,4.88825892857143
"194","2016-07-12",108,26.3,22.1,30.9,3,2.1,65.5,22,14.6,8.3,17.79,3.47174887892377,8.19818181818182,7.3,5.1,4.88825892857143
"195","2016-07-13",108,26.3,23.2,29.5,0,2.1,69,23.4,14.6,4.6,13.8,3.47174887892377,8.19818181818182,7.6,5,4.88825892857143
"196","2016-07-14",108,27.5,24,32.4,0.1,2.1,66.9,24,14.5,9.9,16.79,3.47174887892377,8.19818181818182,5.8,4.9,4.88825892857143
"197","2016-07-15",108,26.2,23.7,29.2,1.5,2.6,60,20.2,14.5,2.6,12.2,3.47174887892377,8.19818181818182,9.3,5.1,4.88825892857143
"198","2016-07-16",108,20.8,19.8,23.8,46.5,3.5,92.8,22.7,14.5,0,3.68,3.47174887892377,8.19818181818182,10,6.6,4.88825892857143
"199","2016-07-17",108,21.7,20.4,23.1,2.5,2.6,82.9,21.3,14.5,0,5,3.47174887892377,8.19818181818182,10,6.3,4.88825892857143
"200","2016-07-18",108,24.4,20.7,28.4,0.2,1.5,75.1,22.6,14.5,8.1,14.65,3.47174887892377,8.19818181818182,5.9,4.9,4.88825892857143
"201","2016-07-19",108,27.1,20.9,32.4,9.34652855963372,1.5,65.5,22.5,14.4,10.3,20.48,3.47174887892377,8.19818181818182,3.6,1.8,4.88825892857143
"202","2016-07-20",108,28.6,24,32.9,9.34652855963372,1.9,62.5,24.1,14.4,6.8,15.58,3.47174887892377,8.19818181818182,5.4,2.8,4.88825892857143
"203","2016-07-21",108,28.3,24.9,32.2,9.34652855963372,2.2,61.3,23.4,14.4,4.9,15.16,3.47174887892377,8.19818181818182,6.8,1.8,4.88825892857143
"204","2016-07-22",108,29.1,25.3,34.1,9.34652855963372,2.2,64,25.5,14.4,6.5,17.51,3.47174887892377,8.19818181818182,6.5,5.8,4.88825892857143
"205","2016-07-23",108,28.7,27.2,31.6,0.5,1.9,70.4,27.5,14.3,3,9.93,3.47174887892377,8.19818181818182,8.8,6,4.88825892857143
"206","2016-07-24",108,28,27,30.1,0.5,2,77.9,29.3,14.3,0.5,6.61,3.47174887892377,8.19818181818182,9.6,4.6,4.88825892857143
"207","2016-07-25",108,28.4,26.4,31.4,9.34652855963372,1.9,75.3,28.8,14.3,3.1,9.71,3.47174887892377,8.19818181818182,6.6,6.4,4.88825892857143
"208","2016-07-26",108,28.4,25.6,31.9,9.34652855963372,2.6,69,26.4,14.3,6.1,13.94,3.47174887892377,8.19818181818182,6.8,4.8,4.88825892857143
"209","2016-07-27",108,27.6,26.7,28.9,0.5,3.2,76.4,28.1,14.2,0.2,4.67,3.47174887892377,8.19818181818182,9.4,6.8,4.88825892857143
"210","2016-07-28",108,28,26.7,30.5,0.2,2.8,70.6,26.5,14.2,10,17.82,3.47174887892377,8.19818181818182,6.3,5.5,4.88825892857143
"211","2016-07-29",108,26.3,23.4,28.4,59.5,1.6,82.3,27.9,14.2,0.5,5.33,3.47174887892377,8.19818181818182,9.6,5.8,4.88825892857143
"212","2016-07-30",108,28.6,26.4,33,0.5,2.1,73.5,28.2,14.1,6.5,15.27,3.47174887892377,8.19818181818182,5.9,2.8,4.88825892857143
"213","2016-07-31",108,28.9,26.6,32.8,0.2,1.6,72.1,28.3,14.1,7.6,16.33,3.47174887892377,8.19818181818182,5.4,4.5,4.88825892857143
"214","2016-08-01",108,28.4,25.8,32.4,9.34652855963372,1.6,72,27.4,14.1,5.6,16.53,3.47174887892377,8.19818181818182,6.3,4.4,4.88825892857143
"215","2016-08-02",108,27.2,25,31.1,2,1.2,72.5,25.8,14,1.1,9.03,3.47174887892377,8.19818181818182,7.6,5.3,4.88825892857143
"216","2016-08-03",108,29.1,24,34.2,9.34652855963372,1.6,65.4,25.8,14,11.8,19.2,3.47174887892377,8.19818181818182,4.1,2,4.88825892857143
"217","2016-08-04",108,30.7,26,35.7,9.34652855963372,1.6,59.6,25.4,14,11.4,15.8,3.47174887892377,8.19818181818182,1.1,1.1,4.88825892857143
"218","2016-08-05",108,31.2,26.5,36,9.34652855963372,1.8,60.1,26.8,14,11.4,17.78,3.47174887892377,8.19818181818182,1.9,1.9,4.88825892857143
"219","2016-08-06",108,30.5,26.6,34,9.34652855963372,1.7,64.8,27.9,13.9,8.8,13.56,3.47174887892377,8.19818181818182,1.9,1.9,4.88825892857143
"220","2016-08-07",108,30.6,27,35,9.34652855963372,1.9,56,24.1,13.9,11.9,20.68,3.47174887892377,8.19818181818182,0.9,0.6,4.88825892857143
"221","2016-08-08",108,30.5,26.4,35.5,9.34652855963372,1.8,63.1,27.2,13.9,10.6,18.34,3.47174887892377,8.19818181818182,2.5,0.6,4.88825892857143
"222","2016-08-09",108,29.3,26.4,33.6,1,1.9,68.3,27.5,13.8,6,12.45,3.47174887892377,8.19818181818182,3.8,2.3,4.88825892857143
"223","2016-08-10",108,29.4,26.1,34.8,9.34652855963372,1.9,66.3,26.3,13.8,9.3,16.98,3.47174887892377,8.19818181818182,4.4,2.8,4.88825892857143
"224","2016-08-11",108,30.5,26.1,36.4,9.34652855963372,2,64.1,27.2,13.8,12.8,22.2,3.47174887892377,8.19818181818182,0.3,0.3,4.88825892857143
"225","2016-08-12",108,30.4,26.4,35.9,9.34652855963372,2,68.3,28.9,13.7,11.8,19.62,3.47174887892377,8.19818181818182,1.8,1.6,4.88825892857143
"226","2016-08-13",108,30.2,26.8,35.1,9.34652855963372,2.4,67.9,28.2,13.7,10.4,20.66,3.47174887892377,8.19818181818182,3,2.4,4.88825892857143
"227","2016-08-14",108,28.9,27.3,31.8,0.2,1.9,74,29.3,13.7,4.8,11.38,3.47174887892377,8.19818181818182,5.3,3.4,4.88825892857143
"228","2016-08-15",108,29.1,25.8,34,0,1.9,65.5,25.7,13.6,8.6,17.09,3.47174887892377,8.19818181818182,6.1,3,4.88825892857143
"229","2016-08-16",108,29.3,26.2,34.9,0.5,1.6,64.9,26.2,13.6,7.8,12.39,3.47174887892377,8.19818181818182,4.5,3.6,4.88825892857143
"230","2016-08-17",108,29.9,25.1,34.7,9.34652855963372,1.9,60.4,24.6,13.5,11.5,17.75,3.47174887892377,8.19818181818182,3.3,1.1,4.88825892857143
"231","2016-08-18",108,29.9,26.2,34.3,9.34652855963372,1.6,61.9,25.8,13.5,3,11.68,3.47174887892377,8.19818181818182,7,4.9,4.88825892857143
"232","2016-08-19",108,28.9,26.6,33.2,11.5,1.4,69.5,27.3,13.5,1,9.18,3.47174887892377,8.19818181818182,7.5,4.1,4.88825892857143
"233","2016-08-20",108,30.1,26.5,34.9,9.34652855963372,1.7,59,24.4,13.4,4.6,13.72,3.47174887892377,8.19818181818182,6.9,6.9,4.88825892857143
"234","2016-08-21",108,30.7,26.9,36.6,0,2.1,57.5,24.6,13.4,8.3,17.95,3.47174887892377,8.19818181818182,4.4,3.6,4.88825892857143
"235","2016-08-22",108,30.7,25.8,36.3,0.4,2.1,58,24.9,13.4,11.7,18.91,3.47174887892377,8.19818181818182,3.6,3.4,4.88825892857143
"236","2016-08-23",108,28.3,26,33,8,2.1,68.8,26.2,13.3,4.8,10.1,3.47174887892377,8.19818181818182,5.1,5,4.88825892857143
"237","2016-08-24",108,29.1,26.4,32.9,0,1.8,59.1,23.4,13.3,6.9,13.97,3.47174887892377,8.19818181818182,5.4,4.6,4.88825892857143
"238","2016-08-25",108,27.1,24,32.2,4.5,1.9,70.4,24.7,13.3,3.2,11.54,3.47174887892377,8.19818181818182,7.4,4.4,4.88825892857143
"239","2016-08-26",108,23,19.5,28.2,20,3.6,57,15.5,13.2,7.6,17.17,3.47174887892377,8.19818181818182,4.3,2.9,4.88825892857143
"240","2016-08-27",108,23.4,16.9,29.7,0,3.1,43.3,12.3,13.2,12.4,20.97,3.47174887892377,8.19818181818182,4.9,3.8,4.88825892857143
"241","2016-08-28",108,21,18.3,24.5,1.5,2.6,62.5,15.4,13.1,3.6,10.21,3.47174887892377,8.19818181818182,8.3,5.6,4.88825892857143
"242","2016-08-29",108,22.2,17.4,27.1,9.34652855963372,2,54.5,14.3,13.1,7.1,16.17,3.47174887892377,8.19818181818182,5.1,3.1,4.88825892857143
"243","2016-08-30",108,20.6,17.9,24.5,0,3.3,60.4,14.5,13.1,6.3,12.02,3.47174887892377,8.19818181818182,6.1,4.6,4.88825892857143
"244","2016-08-31",108,17.7,16.1,19.2,17.5,3.8,85.3,17.1,13,0,3.02,3.47174887892377,8.19818181818182,8.4,6.4,4.88825892857143
"245","2016-09-01",108,23.2,15.8,28.6,9.34652855963372,3.1,71.3,19.7,13,8.8,13.76,3.47174887892377,8.19818181818182,2.9,2.9,4.88825892857143
"246","2016-09-02",108,24.2,20.6,29,4.5,2.7,68.5,20.3,13,9.1,16.79,3.47174887892377,8.19818181818182,6.5,6.3,4.88825892857143
"247","2016-09-03",108,23.9,20.4,28.6,0.5,1.8,73.8,21.5,12.9,3.1,8.93,3.47174887892377,8.19818181818182,6.1,6.1,4.88825892857143
"248","2016-09-04",108,25.6,22.1,29.6,9.34652855963372,1.5,71.3,23.2,12.9,2.7,10.25,3.47174887892377,8.19818181818182,7.3,3.1,4.88825892857143
"249","2016-09-05",108,26.4,23,31.1,9.34652855963372,1.7,66.1,22.2,12.8,8.4,14.15,3.47174887892377,8.19818181818182,5.4,3,4.88825892857143
"250","2016-09-06",108,24.7,21,29,9.34652855963372,1.8,69,21,12.8,8.3,13.98,3.47174887892377,8.19818181818182,4.4,1.3,4.88825892857143
"251","2016-09-07",108,24.3,20.9,28.6,9.34652855963372,1.8,69.8,20.8,12.8,2.5,9.88,3.47174887892377,8.19818181818182,6.9,2.9,4.88825892857143
"252","2016-09-08",108,23,21.5,26.5,4.5,1.3,76.4,21.3,12.7,3.8,8.27,3.47174887892377,8.19818181818182,8.1,7.3,4.88825892857143
"253","2016-09-09",108,23.9,19.7,29.3,9.34652855963372,1.8,71.1,20.4,12.7,9.3,15.29,3.47174887892377,8.19818181818182,4.4,3.5,4.88825892857143
"254","2016-09-10",108,24.4,20,29.1,9.34652855963372,1.6,65.4,19.6,12.6,7.1,12.96,3.47174887892377,8.19818181818182,6.3,2.3,4.88825892857143
"255","2016-09-11",108,24.5,22.1,28.2,9.34652855963372,1.7,66.3,20.1,12.6,3.8,9.83,3.47174887892377,8.19818181818182,7.1,3.1,4.88825892857143
"256","2016-09-12",108,23.4,21.4,27.5,2.5,1.9,68.9,19.7,12.6,6.2,9.18,3.47174887892377,8.19818181818182,4.5,2.9,4.88825892857143
"257","2016-09-13",108,24.6,19.6,30.8,9.34652855963372,1.8,62.5,18.9,12.5,8,15.74,3.47174887892377,8.19818181818182,3.8,1,4.88825892857143
"258","2016-09-14",108,24.6,21.4,28.9,9.34652855963372,1.8,66.1,20.2,12.5,7.2,11.88,3.47174887892377,8.19818181818182,5,3.3,4.88825892857143
"259","2016-09-15",108,23.9,18.8,29.5,9.34652855963372,1.3,68.1,19.7,12.4,5.8,13.62,3.47174887892377,8.19818181818182,7.6,4.5,4.88825892857143
"260","2016-09-16",108,24.6,20.4,29.5,9.34652855963372,1.5,64.9,19.5,12.4,3.8,11.91,3.47174887892377,8.19818181818182,9.3,1.3,4.88825892857143
"261","2016-09-17",108,23.1,18.5,28.2,7,2.9,64.8,17.9,12.4,7.1,13.53,3.47174887892377,8.19818181818182,4.9,2.1,4.88825892857143
"262","2016-09-18",108,23.5,20.2,28.3,9.34652855963372,3.1,53.4,15.3,12.3,9.3,15.29,3.47174887892377,8.19818181818182,5.4,1.9,4.88825892857143
"263","2016-09-19",108,21.9,18.2,27.8,9.34652855963372,3.5,53.3,13.7,12.3,10.1,16.12,3.47174887892377,8.19818181818182,1.4,0.9,4.88825892857143
"264","2016-09-20",108,20.6,15.4,26.8,9.34652855963372,3.1,41.1,9.6,12.2,11.6,19.23,3.47174887892377,8.19818181818182,1.1,0.1,4.88825892857143
"265","2016-09-21",108,20.2,14.3,25.3,9.34652855963372,2,43.4,9.9,12.2,10.8,15.52,3.47174887892377,8.19818181818182,5.6,2,4.88825892857143
"266","2016-09-22",108,21.9,17.5,27.2,9.34652855963372,1.8,46.3,11.8,12.2,9,15.24,3.47174887892377,8.19818181818182,3.9,3.4,4.88825892857143
"267","2016-09-23",108,21.4,16.4,27.9,9.34652855963372,1.6,57.9,14.5,12.1,9.1,14.3,3.47174887892377,8.19818181818182,2.6,2.6,4.88825892857143
"268","2016-09-24",108,22.3,16.5,28.9,9.34652855963372,1.6,60.6,15.7,12.1,9.3,14.56,3.47174887892377,8.19818181818182,3.3,0.9,4.88825892857143
"269","2016-09-25",108,23,18.6,29.7,9.34652855963372,1.2,57.6,15.6,12.1,5.2,12.66,3.47174887892377,8.19818181818182,6.8,1,4.88825892857143
"270","2016-09-26",108,23.6,19.7,28.9,9.34652855963372,1.8,59.1,17,12,6.5,11.48,3.47174887892377,8.19818181818182,5.4,4.9,4.88825892857143
"271","2016-09-27",108,21,19.1,23.8,13.5,1.3,82.5,20.3,12,0,2.77,3.47174887892377,8.19818181818182,9.6,4.8,4.88825892857143
"272","2016-09-28",108,19.9,18.7,21.8,0.5,1.3,84.6,19.5,11.9,0,3.59,3.47174887892377,8.19818181818182,10,5.3,4.88825892857143
"273","2016-09-29",108,20.4,18.2,24.8,9.34652855963372,3,64.4,15.3,11.9,5.3,12.55,3.47174887892377,8.19818181818182,8.4,4.6,4.88825892857143
"274","2016-09-30",108,20.5,17.7,23.5,9.34652855963372,1.6,66.9,16,11.8,0.4,7.66,3.47174887892377,8.19818181818182,8.8,4.6,4.88825892857143
"275","2016-10-01",108,21.1,17.5,25.6,9.34652855963372,1.2,69,17,11.8,4.3,10.06,3.47174887892377,8.19818181818182,7.8,2.5,4.88825892857143
"276","2016-10-02",108,19,16.7,22.4,18.5,2.7,84.1,18.5,11.8,0,2.6,3.47174887892377,8.19818181818182,9.8,7.9,4.88825892857143
"277","2016-10-03",108,22.7,19.6,27.9,6.5,2.7,73.3,19.9,11.7,8.5,14.52,3.47174887892377,8.19818181818182,4,3,4.88825892857143
"278","2016-10-04",108,22,15.6,29,9.34652855963372,2.4,58.9,14.9,11.7,10.9,16.86,3.47174887892377,8.19818181818182,0.9,0,4.88825892857143
"279","2016-10-05",108,21.1,17.5,27.2,9.34652855963372,3,61.9,15.3,11.6,6.1,11.59,3.47174887892377,8.19818181818182,3.4,2,4.88825892857143
"280","2016-10-06",108,18,13.6,23.5,9.34652855963372,2.6,59.3,11.9,11.6,10.7,15.52,3.47174887892377,8.19818181818182,2.8,0,4.88825892857143
"281","2016-10-07",108,19.7,16.5,24.8,2,2.6,67.8,15.3,11.6,4.7,9.25,3.47174887892377,8.19818181818182,8.8,4.4,4.88825892857143
"282","2016-10-08",108,16.8,10.3,21.8,6,2.9,66.4,12.7,11.5,7.2,12.09,3.47174887892377,8.19818181818182,5.5,3.8,4.88825892857143
"283","2016-10-09",108,11.3,6.5,16.6,9.34652855963372,2.9,46.3,6,11.5,10.7,16.46,3.47174887892377,8.19818181818182,3.3,1.9,4.88825892857143
"284","2016-10-10",108,14,7.4,21.4,9.34652855963372,1.6,43.3,6.7,11.4,10.3,15.29,3.47174887892377,8.19818181818182,4.4,0.9,4.88825892857143
"285","2016-10-11",108,15.4,10,21.1,9.34652855963372,1.8,62.4,11,11.4,8,11.48,3.47174887892377,8.19818181818182,6,2,4.88825892857143
"286","2016-10-12",108,15.5,11.4,20.7,9.34652855963372,2,57,9.7,11.4,10.5,13.98,3.47174887892377,8.19818181818182,3.3,0.1,4.88825892857143
"287","2016-10-13",108,15.2,9.3,21.9,9.34652855963372,1.4,44.1,7.4,11.3,9.3,13.22,3.47174887892377,8.19818181818182,3.8,0.1,4.88825892857143
"288","2016-10-14",108,16.7,10.5,23.5,9.34652855963372,1.3,61.8,11.5,11.3,8.5,11.82,3.47174887892377,8.19818181818182,0,0,4.88825892857143
"289","2016-10-15",108,19.1,12.4,27.1,9.34652855963372,1.3,60.6,12.6,11.3,8.3,12.6,3.47174887892377,8.19818181818182,4.1,0.8,4.88825892857143
"290","2016-10-16",108,17.2,15.4,19.5,1.5,1.5,74.1,14.4,11.2,0,3.06,3.47174887892377,8.19818181818182,9.4,4.9,4.88825892857143
"291","2016-10-17",108,17.5,14.5,21.7,9.34652855963372,1.4,76.1,15,11.2,7.2,9.51,3.47174887892377,8.19818181818182,6.1,2.8,4.88825892857143
"292","2016-10-18",108,17,11.2,24,9.34652855963372,1.4,70.9,13.3,11.1,8,12.24,3.47174887892377,8.19818181818182,3,0.5,4.88825892857143
"293","2016-10-19",108,18,14,24.3,9.34652855963372,1.5,67.6,13.5,11.1,8.7,11.84,3.47174887892377,8.19818181818182,1.3,0.8,4.88825892857143
"294","2016-10-20",108,18.6,12.9,25.8,9.34652855963372,1.8,61.3,12.6,11.1,9.3,12.55,3.47174887892377,8.19818181818182,1.6,0.4,4.88825892857143
"295","2016-10-21",108,17.9,15.7,22,9.34652855963372,3,58.6,11.9,11,3.2,8.17,3.47174887892377,8.19818181818182,9.4,5.4,4.88825892857143
"296","2016-10-22",108,18.3,14.5,22.8,9.34652855963372,1.8,59,12.3,11,5.4,8.59,3.47174887892377,8.19818181818182,6.8,5,4.88825892857143
"297","2016-10-23",108,13.3,10.6,17.8,2.5,4,66.3,10,10.9,0.1,2.33,3.47174887892377,8.19818181818182,9.4,7.6,4.88825892857143
"298","2016-10-24",108,15.1,9,20.6,9.34652855963372,2.4,54.8,9.2,10.9,9.4,13.55,3.47174887892377,8.19818181818182,5.6,4.1,4.88825892857143
"299","2016-10-25",108,14.1,12.5,17.5,37,2.2,84,13.3,10.9,3.2,4.25,3.47174887892377,8.19818181818182,7.6,4.8,4.88825892857143
"300","2016-10-26",108,13.3,10.5,16.3,0,1.4,81,12.3,10.8,2.2,5.48,3.47174887892377,8.19818181818182,5.4,2.1,4.88825892857143
"301","2016-10-27",108,14.6,8.6,20.9,9.34652855963372,1.9,65.4,10.7,10.8,5.9,9.88,3.47174887892377,8.19818181818182,6.5,5.4,4.88825892857143
"302","2016-10-28",108,14.6,10.2,18.4,0.3,2.5,61.8,10.3,10.8,4.3,7.11,3.47174887892377,8.19818181818182,8.8,5.3,4.88825892857143
"303","2016-10-29",108,7.8,3.5,11.2,9.34652855963372,3,40.3,4.3,10.7,1.1,6.54,3.47174887892377,8.19818181818182,6.6,4.8,4.88825892857143
"304","2016-10-30",108,7.9,1.6,15.1,9.34652855963372,1.5,31.9,3.2,10.7,9.7,13.56,3.47174887892377,8.19818181818182,0.9,0,4.88825892857143
"305","2016-10-31",108,5.7,0.7,8.2,0.5,2,59.9,5.6,10.7,0,2.14,3.47174887892377,8.19818181818182,7.4,3.9,4.88825892857143
"306","2016-11-01",108,1.5,-2.4,6.6,9.34652855963372,2.7,43.6,2.9,10.6,9.8,13.52,3.47174887892377,8.19818181818182,0,0,4.88825892857143
"307","2016-11-02",108,4.1,-2.7,10.5,0.1,1.4,53.1,4.4,10.6,7.6,10.76,3.47174887892377,8.19818181818182,4.4,3.5,4.88825892857143
"308","2016-11-03",108,9.1,4.2,14.1,0.2,1.6,62.8,6.9,10.6,8.8,9.91,3.47174887892377,8.19818181818182,4.9,4.1,4.88825892857143
"309","2016-11-04",108,12.3,8.2,15.7,0,2.7,67,9.7,10.5,2.6,5.14,3.47174887892377,8.19818181818182,8.3,7.6,4.88825892857143
"310","2016-11-05",108,15,12.2,18.1,0,2.2,77.4,13.2,10.5,2.8,5.09,3.47174887892377,8.19818181818182,7.3,7.3,4.88825892857143
"311","2016-11-06",108,14,11.9,18.3,9.34652855963372,3.4,59.4,9.4,10.5,5.4,8.91,3.47174887892377,8.19818181818182,7.5,7.5,4.88825892857143
"312","2016-11-07",108,12.8,8.5,17.8,5.5,2.8,71.3,10.3,10.4,2.2,5.09,3.47174887892377,8.19818181818182,9,7.3,4.88825892857143
"313","2016-11-08",108,4.1,0.4,8.4,0.5,3.5,58,4.8,10.4,9.1,10.89,3.47174887892377,8.19818181818182,2.4,2,4.88825892857143
"314","2016-11-09",108,2.1,-3.2,8.6,9.34652855963372,1.9,41.1,2.9,10.3,9.7,12.02,3.47174887892377,8.19818181818182,1.4,0,4.88825892857143
"315","2016-11-10",108,6,1.5,9.8,0.4,2,55.5,5.4,10.3,0.3,3.87,3.47174887892377,8.19818181818182,9.5,5.4,4.88825892857143
"316","2016-11-11",108,9.1,6.2,14.2,4,2.2,63.3,7.1,10.3,8.6,9.97,3.47174887892377,8.19818181818182,2,1.3,4.88825892857143
"317","2016-11-12",108,11.4,5.1,16.7,9.34652855963372,2.3,62.1,8.5,10.3,8.2,9.07,3.47174887892377,8.19818181818182,3.3,3,4.88825892857143
"318","2016-11-13",108,14.4,12.1,18.1,0.5,1.7,74.8,12.2,10.2,3.1,6.62,3.47174887892377,8.19818181818182,7.3,6.9,4.88825892857143
"319","2016-11-14",108,13.2,10.2,15.8,1.5,1.7,78.5,12,10.2,0,2.44,3.47174887892377,8.19818181818182,7.9,7.5,4.88825892857143
"320","2016-11-15",108,5.2,2.5,10.2,9.34652855963372,2.8,44.3,3.9,10.2,9.5,11.6,3.47174887892377,8.19818181818182,0,0,4.88825892857143
"321","2016-11-16",108,5.2,0,12,9.34652855963372,1.4,44.3,3.8,10.1,8.6,8.59,3.47174887892377,8.19818181818182,1.1,0,4.88825892857143
"322","2016-11-17",108,9.1,4,16.5,9.34652855963372,1.2,56.4,6.5,10.1,8,9.33,3.47174887892377,8.19818181818182,2,1.1,4.88825892857143
"323","2016-11-18",108,10.3,4.9,14.6,0,1.9,58.4,7.2,10.1,4.1,6.39,3.47174887892377,8.19818181818182,5.6,4.4,4.88825892857143
"324","2016-11-19",108,13,9.9,18.6,0,2.2,71.1,10.7,10.1,4.2,7.42,3.47174887892377,8.19818181818182,8.9,7,4.88825892857143
"325","2016-11-20",108,9.8,6.4,15.3,9.34652855963372,2.5,48.6,5.7,10,9.1,10.14,3.47174887892377,8.19818181818182,1.6,1.6,4.88825892857143
"326","2016-11-21",108,9.5,5.1,14.6,9.34652855963372,2.2,40.5,4.9,10,1.1,4.26,3.47174887892377,8.19818181818182,7.8,5.6,4.88825892857143
"327","2016-11-22",108,2,-2.1,8.4,0.2,3.9,43.3,3.2,10,4.8,7.38,3.47174887892377,8.19818181818182,8.4,2.5,4.88825892857143
"328","2016-11-23",108,-1.8,-4.8,3.6,9.34652855963372,3,37.5,2,10,7.6,9.14,3.47174887892377,8.19818181818182,3.4,0,4.88825892857143
"329","2016-11-24",108,-2.5,-6.2,2.4,9.34652855963372,2.1,37.8,1.9,9.9,9.2,10.5,3.47174887892377,8.19818181818182,0,0,4.88825892857143
"330","2016-11-25",108,1,-3.5,6,9.34652855963372,1.5,43.9,2.9,9.9,7.4,8.31,3.47174887892377,8.19818181818182,4.3,3.1,4.88825892857143
"331","2016-11-26",108,0.9,-0.7,2.7,2.8,2.3,69.6,4.6,9.9,0,1.68,0.8,0.8,7.5,6.8,4.88825892857143
"332","2016-11-27",108,3.3,0.5,6.6,0,1.5,81.3,6.3,9.9,1.7,3.81,3.47174887892377,8.19818181818182,7.5,7.1,4.88825892857143
"333","2016-11-28",108,1.4,-1.4,5.6,9.34652855963372,2.5,57.9,3.8,9.8,8.9,9.47,3.47174887892377,8.19818181818182,0,0,4.88825892857143
"334","2016-11-29",108,1.7,-2.8,8.6,9.34652855963372,1.6,40.8,2.7,9.8,9.3,9.34,3.47174887892377,8.19818181818182,0.1,0,4.88825892857143
"335","2016-11-30",108,6,0.7,9.8,1,2,59.8,5.7,9.8,1.6,4.37,3.47174887892377,8.19818181818182,8.9,7.1,4.88825892857143
"336","2016-12-01",108,4.1,-1,7,9.34652855963372,3.6,47.6,4,9.8,8.5,9.39,3.47174887892377,8.19818181818182,1.3,1.3,4.88825892857143
"337","2016-12-02",108,1.6,-3.5,7.9,9.34652855963372,1.8,48.4,3.3,9.8,9.3,9.82,3.47174887892377,8.19818181818182,0,0,4.88825892857143
"338","2016-12-03",108,4.5,-0.7,11.3,9.34652855963372,1.4,58.8,4.9,9.7,7.9,8.76,3.47174887892377,8.19818181818182,5.5,2.4,4.88825892857143
"339","2016-12-04",108,5.5,2,9.5,9.34652855963372,1.2,60.1,5.3,9.7,0.5,4.16,3.47174887892377,8.19818181818182,8.8,6.5,4.88825892857143
"340","2016-12-05",108,5.9,0.5,10.3,1.5,3,69.1,6.5,9.7,2.3,4.3,3.47174887892377,8.19818181818182,7.9,6.8,4.88825892857143
"341","2016-12-06",108,-1.1,-4.2,4.3,9.34652855963372,2.5,38.5,2.1,9.7,9.3,9.97,3.47174887892377,8.19818181818182,0,0,4.88825892857143
"342","2016-12-07",108,1.7,-2.7,7.5,0,2.3,58.3,4.1,9.7,4.1,5.96,3.47174887892377,8.19818181818182,3.9,3.8,4.88825892857143
"343","2016-12-08",108,2.1,-3,6.1,3,1.7,70,5.1,9.7,3.8,5.28,3.47174887892377,8.19818181818182,6.1,4,4.88825892857143
"344","2016-12-09",108,1.4,-2.9,4.2,3,2.8,65.8,4.5,9.7,7.2,8.5,3.47174887892377,8.19818181818182,3.9,3.6,4.88825892857143
"345","2016-12-10",108,-1.6,-5.9,3.6,9.34652855963372,1.9,47.6,2.5,9.6,9.2,9.45,3.47174887892377,8.19818181818182,0.1,0,4.88825892857143
"346","2016-12-11",108,-1.1,-6.1,6.4,9.34652855963372,1.2,42.6,2.3,9.6,9.2,9.58,3.47174887892377,8.19818181818182,0.4,0,4.88825892857143
"347","2016-12-12",108,2.3,-3,6.3,9.34652855963372,1.9,37.9,2.6,9.6,3.9,5.71,3.47174887892377,8.19818181818182,8,4.8,4.88825892857143
"348","2016-12-13",108,3.4,-0.4,8.8,9.34652855963372,2,53.6,4.2,9.6,4.7,6.64,3.47174887892377,8.19818181818182,4.6,2.3,4.88825892857143
"349","2016-12-14",108,-1.4,-2.3,-0.1,0.1,2.7,68.1,3.8,9.6,0.2,2.98,3.47174887892377,8.19818181818182,7.3,7,4.88825892857143
"350","2016-12-15",108,-5,-7.6,-1.5,9.34652855963372,3,41.8,1.7,9.6,9.1,9.64,3.47174887892377,8.19818181818182,0,0,4.88825892857143
"351","2016-12-16",108,-4.7,-9.8,0,9.34652855963372,2.2,40.3,1.7,9.6,9.2,9.62,3.47174887892377,8.19818181818182,2,2,4.88825892857143
"352","2016-12-17",108,2.7,-2.7,8,0,1.8,60.1,4.6,9.6,6.3,6.21,3.47174887892377,8.19818181818182,6.6,6.6,4.88825892857143
"353","2016-12-18",108,4.9,2.7,8.1,9.34652855963372,1.9,68.8,5.9,9.6,0.1,3.06,3.47174887892377,8.19818181818182,8.5,8.3,4.88825892857143
"354","2016-12-19",108,7.2,4.3,12,0.1,2.5,66,6.7,9.6,3.8,5.32,3.47174887892377,8.19818181818182,6.9,5,4.88825892857143
"355","2016-12-20",108,7.6,4.4,13.6,9.34652855963372,1.2,71.3,7.3,9.6,8.9,7.86,3.47174887892377,8.19818181818182,2.4,1.5,4.88825892857143
"356","2016-12-21",108,7.9,4.1,12.6,29,3.5,75.5,8,9.6,3.4,5.01,3.47174887892377,8.19818181818182,8.1,3.8,4.88825892857143
"357","2016-12-22",108,5.5,1.5,11,23.5,3.5,90.3,8.4,9.6,0,1.37,3.47174887892377,8.19818181818182,9.8,8.6,1.08
"358","2016-12-23",108,-2.5,-4.4,1.5,0.1,3.6,71.1,3.7,9.6,0.8,2.35,3.47174887892377,8.19818181818182,8.9,8.9,4.88825892857143
"359","2016-12-24",108,-2.4,-4.3,1.1,9.34652855963372,1.8,66,3.4,9.6,3.1,4.96,3.47174887892377,8.19818181818182,5.5,4.4,4.88825892857143
"360","2016-12-25",108,1,-4.5,6.4,9.34652855963372,1.7,69.5,4.6,9.6,6.1,7.54,3.47174887892377,8.19818181818182,4.8,0,4.88825892857143
"361","2016-12-26",108,2.5,1.3,4.4,0,1.4,73.8,5.4,9.6,0,1.66,3.47174887892377,8.19818181818182,8.6,6.3,4.88825892857143
"362","2016-12-27",108,-2.3,-6.3,1.3,0.5,3.5,54.6,2.9,9.6,8.4,9.29,0.5,0.5,2.8,2.3,4.88825892857143
"363","2016-12-28",108,-3.7,-8.4,2.6,9.34652855963372,1.8,49,2.2,9.6,9.1,9.22,3.47174887892377,8.19818181818182,1.9,0,4.88825892857143
"364","2016-12-29",108,-4.2,-7.2,-1.1,0.3,2.8,53.1,2.4,9.6,8.9,9.67,1,1,1.5,1.5,4.88825892857143
"365","2016-12-30",108,-3.9,-9.1,1,9.34652855963372,1.3,50.9,2.3,9.6,5.6,6.79,3.47174887892377,8.19818181818182,3,1.6,4.88825892857143
"366","2016-12-31",108,0.7,-3.6,5.7,0,1.5,65.4,4.2,9.6,3.5,5.28,3.47174887892377,8.19818181818182,6.6,6.6,4.88825892857143
